005930,삼성전자
000660,SK하이닉스
373220,LG에너지솔루션
207940,삼성바이오로직스
005380,현대차
000270,기아
068270,셀트리온
005490,POSCO홀딩스
051910,LG화학
035420,NAVER
028260,삼성물산
006400,삼성SDI
105560,KB금융
035720,카카오
003670,포스코퓨처엠
055550,신한지주
012330,현대모비스
086790,하나금융지주
066570,LG전자
032830,삼성생명
138040,메리츠금융지주
003550,LG
000810,삼성화재
323410,카카오뱅크
034730,SK
450080,에코프로머티
015760,한국전력
096770,SK이노베이션
011200,HMM
018260,삼성에스디에스
033780,KT&G
259960,크래프톤
017670,SK텔레콤
316140,우리금융지주
024110,기업은행
030200,KT
009150,삼성전기
047050,포스코인터내셔널
034020,두산에너빌리티
329180,HD현대중공업
010130,고려아연
402340,SK스퀘어
352820,하이브
003490,대한항공
009540,HD한국조선해양
010950,S-Oil
090430,아모레퍼시픽
012450,한화에어로스페이스
005830,DB손해보험
042660,한화오션
161390,한국타이어앤테크놀로지
086280,현대글로비스
326030,SK바이오팜
377300,카카오페이
010140,삼성중공업
011170,롯데케미칼
009830,한화솔루션
267250,HD현대
251270,넷마블
001570,금양
006800,미래에셋증권
051900,LG생활건강
000100,유한양행
047810,한국항공우주
302440,SK바이오사이언스
361610,SK아이이테크놀로지
004020,현대제철
241560,두산밥캣
028050,삼성엔지니어링
180640,한진칼
036570,엔씨소프트
011070,LG이노텍
097950,CJ제일제당
078930,GS
032640,LG유플러스
011780,금호석유
128940,한미약품
034220,LG디스플레이
029780,삼성카드
021240,코웨이
267260,HD현대일렉트릭
071050,한국금융지주
271560,오리온
005940,NH투자증권
000720,현대건설
016360,삼성증권
035250,강원랜드
003410,쌍용C&E
018880,한온시스템
004990,롯데지주
000120,CJ대한통운
011790,SKC
039490,키움증권
064350,현대로템
001450,현대해상
006260,LS
008930,한미사이언스
272210,한화시스템
088350,한화생명
001040,CJ
079550,LIG넥스원
383220,F&F
052690,한전기술
138930,BNK금융지주
010620,현대미포조선
036460,한국가스공사
112610,씨에스윈드
002790,아모레G
081660,휠라홀딩스
175330,JB금융지주
008770,호텔신라
028670,팬오션
002380,KCC
007070,GS리테일
023530,롯데쇼핑
282330,BGF리테일
012750,에스원
004370,농심
000880,한화
000990,DB하이텍
111770,영원무역
139480,이마트
030000,제일기획
010060,OCI홀딩스
010120,LS ELECTRIC
014680,한솔케미칼
073240,금호타이어
009420,한올바이오파마
004170,신세계
026960,동서
002710,TCC스틸
047040,대우건설
000240,한국앤컴퍼니
017800,현대엘리베이
011210,현대위아
020150,롯데에너지머티리얼즈
007310,오뚜기
051600,한전KPS
204320,HL만도
042670,HD현대인프라코어
001740,SK네트웍스
005850,에스엘
139130,DGB금융지주
137310,에스디바이오센서
003620,KG모빌리티
000150,두산
375500,DL이앤씨
298050,효성첨단소재
000080,하이트진로
006110,삼아알미늄
185750,종근당
336260,두산퓨얼셀
003230,삼양식품
069620,대웅제약
006280,녹십자
003090,대웅
298020,효성티앤씨
006360,GS건설
004800,효성
145720,덴티움
192820,코스맥스
005420,코스모화학
069960,현대백화점
004000,롯데정밀화학
001440,대한전선
285130,SK케미칼
009970,영원무역홀딩스
280360,롯데웰푸드
005300,롯데칠성
009240,한샘
004490,세방전지
120110,코오롱인더
008730,율촌화학
161890,한국콜마
000210,DL
001120,LX인터내셔널
103140,풍산
192080,더블유게임즈
014820,동원시스템즈
006650,대한유화
039130,하나투어
000670,영풍
020560,아시아나항공
001800,오리온홀딩스
009900,명신산업
271940,일진하이솔루스
001430,세아베스틸지주
010780,아이에스동서
300720,한일시멘트
093370,후성
105630,한세실업
069260,TKG휴켐스
114090,GKL
016380,KG스틸
005250,녹십자홀딩스
032350,롯데관광개발
178920,PI첨단소재
001680,대상
019170,신풍제약
031430,신세계인터내셔날
